filename,class
1879894.jpg,737-300
0641196.jpg,747-100
2090080.jpg,A318
0418567.jpg,Fokker 70
1082409.jpg,707-320
0487370.jpg,747-200
1376762.jpg,Embraer Legacy 600
1385706.jpg,ERJ 135
1767104.jpg,757-300
0237108.jpg,Tu-154
2200431.jpg,ERJ 135
2101652.jpg,Global Express
0688099.jpg,MD-90
1655564.jpg,Embraer Legacy 600
1905022.jpg,E-195
1869891.jpg,Il-76
1028490.jpg,Cessna 172
1645736.jpg,Gulfstream IV
1990014.jpg,CRJ-200
1463774.jpg,757-300
1058406.jpg,DH-82
0923270.jpg,DHC-6
1111461.jpg,MD-80
1942531.jpg,Model B200
1956190.jpg,DC-3
1458702.jpg,Dornier 328
0942162.jpg,BAE 146-300
2195297.jpg,DH-82
0445612.jpg,Fokker 100
0685134.jpg,DHC-8-100
0963004.jpg,747-200
1430003.jpg,Global Express
0062766.jpg,767-200
2234654.jpg,777-300
1238215.jpg,757-200
1332980.jpg,An-12
1951706.jpg,A340-500
0438655.jpg,737-200
0347785.jpg,Metroliner
1369907.jpg,A321
0130154.jpg,Gulfstream V
2213677.jpg,E-170
0257378.jpg,747-200
2215391.jpg,777-200
1790505.jpg,767-400
1736103.jpg,Embraer Legacy 600
2164986.jpg,ERJ 135
1054078.jpg,ERJ 145
1502176.jpg,C-47
0562112.jpg,An-12
0147047.jpg,727-200
0948003.jpg,Falcon 2000
1611576.jpg,MD-11
1506896.jpg,747-400
1564781.jpg,A319
2195127.jpg,A321
1191065.jpg,777-300
0979649.jpg,Cessna 208
1394172.jpg,Dornier 328
1471640.jpg,A330-200
0578315.jpg,Tu-154
2013771.jpg,MD-80
0735009.jpg,C-47
1240217.jpg,Eurofighter Typhoon
1271552.jpg,767-400
0067036.jpg,737-700
2252347.jpg,A300B4
0179059.jpg,747-300
0091357.jpg,Beechcraft 1900
1429795.jpg,Tu-154
1659671.jpg,E-195
0114409.jpg,737-300
1352205.jpg,737-300
0918184.jpg,A340-200
1399587.jpg,Saab 340
1739564.jpg,DC-6
1758584.jpg,Falcon 900
1602275.jpg,Embraer Legacy 600
1535190.jpg,Boeing 717
0182730.jpg,ERJ 145
1420069.jpg,E-190
0483241.jpg,An-12
1042661.jpg,L-1011
1079167.jpg,L-1011
0849350.jpg,CRJ-700
1924170.jpg,ERJ 135
1606276.jpg,SR-20
1577681.jpg,737-500
1673067.jpg,757-200
2042721.jpg,Spitfire
0305545.jpg,737-900
1931272.jpg,F-A-18
2044277.jpg,777-300
0538371.jpg,DC-6
0702843.jpg,ATR-42
1668966.jpg,Saab 340
1675546.jpg,DHC-8-300
0195718.jpg,A340-200
0730318.jpg,DH-82
2175260.jpg,Cessna 560
1901003.jpg,Gulfstream IV
1773350.jpg,DR-400
0870094.jpg,Fokker 70
1269007.jpg,Fokker 50
2038532.jpg,737-700
1103399.jpg,Cessna 172
0984409.jpg,737-700
1692196.jpg,E-190
0525862.jpg,A310
2026726.jpg,Embraer Legacy 600
1100462.jpg,BAE 146-300
0742025.jpg,MD-87
1444742.jpg,Saab 340
1720365.jpg,Eurofighter Typhoon
1157334.jpg,ATR-72
1098956.jpg,Boeing 717
1356930.jpg,757-200
0523223.jpg,727-200
0227131.jpg,ERJ 135
1537100.jpg,A318
1423426.jpg,737-500
0995426.jpg,Fokker 100
1499562.jpg,Eurofighter Typhoon
0540048.jpg,DC-3
1059777.jpg,MD-80
1514213.jpg,ATR-42
1429258.jpg,MD-87
1158577.jpg,Cessna 560
0923708.jpg,BAE 146-200
1380666.jpg,A340-600
0067034.jpg,767-300
1423432.jpg,PA-28
2013386.jpg,Cessna 525
0136182.jpg,BAE 146-200
1244306.jpg,Gulfstream V
1670610.jpg,DR-400
1398436.jpg,737-200
1407337.jpg,BAE 146-200
1860127.jpg,777-300
0147057.jpg,737-800
1639843.jpg,737-900
1296212.jpg,A318
0962873.jpg,767-300
0885624.jpg,EMB-120
1880976.jpg,L-1011
1066523.jpg,Cessna 525
0514744.jpg,737-900
1842040.jpg,737-600
0876440.jpg,737-500
0869644.jpg,747-100
1349926.jpg,Cessna 208
1364804.jpg,CRJ-900
0979622.jpg,Metroliner
0400394.jpg,EMB-120
0736498.jpg,F-16A-B
1875195.jpg,MD-80
1468400.jpg,Cessna 560
0763966.jpg,C-47
0719823.jpg,ATR-42
0523009.jpg,Tu-134
1469731.jpg,MD-90
0116702.jpg,DC-9-30
0584541.jpg,Cessna 560
1017178.jpg,C-130
1117094.jpg,Fokker 50
1716407.jpg,Falcon 2000
0816285.jpg,Cessna 208
0056331.jpg,737-200
0488486.jpg,Cessna 208
1173946.jpg,A340-200
0490173.jpg,Yak-42
0143363.jpg,Fokker 70
1613947.jpg,F-16A-B
1514578.jpg,747-400
0091331.jpg,DC-8
0668320.jpg,MD-11
1106412.jpg,A330-200
1429799.jpg,A300B4
1089989.jpg,727-200
0072491.jpg,DHC-8-100
1625089.jpg,DR-400
1846144.jpg,Gulfstream IV
0067671.jpg,737-700
0362859.jpg,CRJ-200
0174885.jpg,Beechcraft 1900
1018467.jpg,ATR-42
1071955.jpg,Challenger 600
1255533.jpg,E-170
0734769.jpg,DHC-6
2243379.jpg,Fokker 70
1224263.jpg,747-100
2218010.jpg,MD-90
1681554.jpg,Cessna 525
1774353.jpg,Cessna 525
2018707.jpg,SR-20
0482806.jpg,A310
1237798.jpg,DHC-1
1642983.jpg,A319
0445606.jpg,Yak-42
1405447.jpg,737-500
1767081.jpg,DH-82
0731199.jpg,737-600
0775040.jpg,CRJ-700
1364591.jpg,A340-600
1320095.jpg,A320
1429072.jpg,ERJ 135
1566619.jpg,747-400
2064120.jpg,Cessna 560
1017202.jpg,DC-10
1922541.jpg,DHC-1
0952519.jpg,ATR-72
1127082.jpg,A310
1540121.jpg,A330-300
2172296.jpg,E-195
2157387.jpg,A330-300
1538918.jpg,SR-20
1320584.jpg,Embraer Legacy 600
1317750.jpg,DC-8
0093513.jpg,DHC-8-100
2021838.jpg,767-400
1714324.jpg,Falcon 2000
1089016.jpg,DC-10
0733462.jpg,747-100
0870244.jpg,767-300
0958129.jpg,767-200
0923673.jpg,737-200
1115293.jpg,737-200
1043727.jpg,DHC-8-300
1323666.jpg,ATR-72
0381609.jpg,E-170
0773222.jpg,C-130
0744232.jpg,A330-300
0396507.jpg,Gulfstream V
0062672.jpg,747-400
2088459.jpg,DHC-8-300
2239298.jpg,A340-300
0218791.jpg,DHC-8-100
0721412.jpg,DC-8
1268480.jpg,Dornier 328
1170134.jpg,EMB-120
1018460.jpg,Model B200
0903124.jpg,757-200
1960029.jpg,Cessna 525
1564412.jpg,Beechcraft 1900
1298949.jpg,Tu-154
0979648.jpg,MD-80
2239590.jpg,A330-200
0438668.jpg,DC-6
2125420.jpg,DHC-1
0280348.jpg,C-130
1858302.jpg,A340-500
1095701.jpg,ATR-42
1133077.jpg,737-900
0574287.jpg,DC-10
2193606.jpg,A380
0496749.jpg,757-300
1718618.jpg,A380
1019107.jpg,A321
2243788.jpg,Fokker 100
2173352.jpg,A319
1112646.jpg,PA-28
0735988.jpg,Il-76
1631990.jpg,A340-300
2015169.jpg,DHC-6
1718899.jpg,737-600
1838164.jpg,Falcon 900
1826637.jpg,Tu-134
1725766.jpg,F-A-18
2237178.jpg,MD-90
1422217.jpg,DH-82
1973442.jpg,A380
0843963.jpg,MD-80
1391858.jpg,Gulfstream IV
1637438.jpg,737-800
1420016.jpg,E-195
2018709.jpg,ATR-72
1935752.jpg,A340-300
1151616.jpg,Challenger 600
1824491.jpg,Global Express
1032474.jpg,DHC-1
1576115.jpg,Eurofighter Typhoon
1398987.jpg,737-600
0573292.jpg,DHC-8-100
0959054.jpg,Dornier 328
1382259.jpg,Fokker 50
1742637.jpg,ERJ 145
1378453.jpg,Boeing 717
1609206.jpg,A300B4
1826521.jpg,Il-76
0995392.jpg,ATR-42
1115392.jpg,DC-3
1386619.jpg,A321
2028343.jpg,Fokker 70
1551551.jpg,MD-87
0306187.jpg,727-200
1538889.jpg,C-47
1739298.jpg,Cessna 172
1533267.jpg,DHC-1
0786219.jpg,A330-200
2193516.jpg,A340-500
2013047.jpg,Spitfire
1093671.jpg,F-A-18
0885590.jpg,PA-28
2026616.jpg,A380
0944245.jpg,737-800
1677053.jpg,Hawk T1
0728571.jpg,CRJ-700
2123149.jpg,CRJ-700
0730398.jpg,DC-6
1314595.jpg,DC-9-30
0814348.jpg,BAE 146-300
0950401.jpg,747-300
0944166.jpg,737-300
1151769.jpg,PA-28
0985968.jpg,757-300
1299986.jpg,A340-300
0143351.jpg,DC-10
2013985.jpg,A380
2019475.jpg,Saab 2000
1688962.jpg,Model B200
0747557.jpg,Cessna 172
1545070.jpg,A330-300
1207125.jpg,757-200
0592099.jpg,Beechcraft 1900
1884741.jpg,A330-200
0447928.jpg,BAE 146-300
1320344.jpg,A330-300
1036701.jpg,DC-6
0920415.jpg,Tu-154
0457892.jpg,DC-6
0901514.jpg,A310
2240720.jpg,E-190
1084518.jpg,737-700
0174941.jpg,MD-87
1415495.jpg,757-200
0038598.jpg,MD-11
0956798.jpg,DC-8
1331448.jpg,A340-500
1529298.jpg,DH-82
1066875.jpg,Il-76
1707955.jpg,747-100
1672431.jpg,Cessna 560
1500676.jpg,Gulfstream IV
0619977.jpg,DC-6
1818164.jpg,BAE-125
0337125.jpg,Fokker 100
1662815.jpg,BAE-125
2218009.jpg,747-300
0063052.jpg,727-200
2260088.jpg,A340-600
1594716.jpg,Tu-134
0062696.jpg,DC-10
0485231.jpg,747-100
1966259.jpg,E-195
1532636.jpg,DHC-1
0077519.jpg,A340-300
2119978.jpg,747-400
2132425.jpg,Spitfire
0869727.jpg,747-200
1026503.jpg,Falcon 2000
1713246.jpg,757-200
1249553.jpg,A318
0386937.jpg,757-300
1795167.jpg,BAE-125
0648036.jpg,Tornado
1852175.jpg,CRJ-900
1350775.jpg,DC-3
1313344.jpg,737-600
2116123.jpg,Cessna 208
2011623.jpg,DHC-6
0821422.jpg,747-200
1933201.jpg,BAE 146-200
0067396.jpg,L-1011
1856979.jpg,767-300
1384345.jpg,Spitfire
1506812.jpg,767-400
1693197.jpg,Dornier 328
0799585.jpg,BAE 146-300
1370959.jpg,A320
0839551.jpg,757-300
2096354.jpg,A320
0821375.jpg,A340-600
1810937.jpg,A318
1338983.jpg,737-800
1574580.jpg,Hawk T1
1310900.jpg,Global Express
0065294.jpg,Fokker 100
2091949.jpg,Challenger 600
2186493.jpg,737-400
0465268.jpg,Dornier 328
1095198.jpg,Model B200
2009849.jpg,DHC-8-300
0995387.jpg,Yak-42
1376991.jpg,Beechcraft 1900
1348827.jpg,CRJ-900
1337502.jpg,Cessna 208
1429301.jpg,777-300
2072219.jpg,ATR-72
1411216.jpg,737-200
1054467.jpg,ATR-42
1163810.jpg,An-12
1206413.jpg,CRJ-200
0999159.jpg,EMB-120
0361611.jpg,A321
1254669.jpg,F-A-18
0907436.jpg,DC-9-30
1258704.jpg,Falcon 900
1957106.jpg,Gulfstream V
1807128.jpg,F-A-18
2033054.jpg,Falcon 900
0490170.jpg,An-12
1319365.jpg,707-320
0869722.jpg,707-320
0574357.jpg,EMB-120
1362726.jpg,Gulfstream V
0062655.jpg,737-400
0979624.jpg,A319
1031523.jpg,E-190
1517894.jpg,C-47
1871272.jpg,A318
1046881.jpg,A340-500
0907384.jpg,727-200
0732410.jpg,707-320
1783685.jpg,737-500
0183645.jpg,A340-300
0368356.jpg,Eurofighter Typhoon
0184373.jpg,EMB-120
2080684.jpg,737-300
0625763.jpg,A319
1895995.jpg,747-300
1221335.jpg,CRJ-900
1182656.jpg,Global Express
0808930.jpg,747-100
2069836.jpg,ERJ 145
2029861.jpg,777-300
1031465.jpg,MD-11
1597802.jpg,Tu-134
2044905.jpg,A340-500
0893717.jpg,Hawk T1
2222240.jpg,E-195
0855449.jpg,CRJ-200
1230394.jpg,Tu-154
1864787.jpg,ATR-72
0845036.jpg,Tu-134
1014414.jpg,Fokker 100
1891304.jpg,747-200
0951982.jpg,707-320
0995429.jpg,A310
1287740.jpg,777-200
0692142.jpg,MD-11
0868108.jpg,DHC-8-300
1539325.jpg,A330-200
0850831.jpg,EMB-120
0894219.jpg,737-300
0892229.jpg,767-200
0458625.jpg,Fokker 50
0337963.jpg,Beechcraft 1900
1899261.jpg,ATR-72
1527501.jpg,737-400
0880568.jpg,MD-87
0136190.jpg,A300B4
1730214.jpg,DHC-1
1619902.jpg,A340-600
2054198.jpg,A380
0384436.jpg,Cessna 560
1369430.jpg,DR-400
0799583.jpg,A340-600
1146225.jpg,An-12
2083668.jpg,767-400
1756560.jpg,Fokker 50
0364670.jpg,MD-90
1767100.jpg,DC-6
1204209.jpg,CRJ-900
1246917.jpg,C-130
1459173.jpg,737-500
0493824.jpg,777-200
2259847.jpg,Fokker 50
0968748.jpg,Yak-42
1517855.jpg,A300B4
1289638.jpg,MD-11
2031394.jpg,737-300
0735017.jpg,DHC-6
0218812.jpg,757-200
1027346.jpg,Yak-42
1458765.jpg,Challenger 600
1351411.jpg,CRJ-700
0090853.jpg,MD-11
1318819.jpg,707-320
1767219.jpg,DR-400
1168799.jpg,EMB-120
1569649.jpg,CRJ-900
1879981.jpg,Boeing 717
2195299.jpg,Cessna 172
1289663.jpg,F-16A-B
1598048.jpg,SR-20
0779581.jpg,Embraer Legacy 600
0445601.jpg,A340-200
1204184.jpg,CRJ-200
0127627.jpg,737-400
1602022.jpg,MD-90
1267455.jpg,ERJ 135
0517626.jpg,Fokker 70
1633873.jpg,CRJ-200
1004164.jpg,A300B4
1860128.jpg,767-200
1980686.jpg,DH-82
1588762.jpg,Tornado
1362504.jpg,ATR-72
0952726.jpg,C-47
0996336.jpg,DC-9-30
1771969.jpg,Gulfstream V
0467411.jpg,A310
1075855.jpg,An-12
2123466.jpg,SR-20
0730802.jpg,DC-3
1426059.jpg,ATR-42
2173877.jpg,Falcon 900
1623699.jpg,Boeing 717
0894381.jpg,707-320
1826635.jpg,Yak-42
0923507.jpg,727-200
0522910.jpg,Global Express
1275786.jpg,Challenger 600
1500991.jpg,A330-300
0738976.jpg,Metroliner
0391023.jpg,L-1011
1839235.jpg,L-1011
1482270.jpg,Tornado
2128746.jpg,737-600
0167061.jpg,Saab 340
0097765.jpg,Saab 340
2021865.jpg,MD-87
0143396.jpg,Tu-154
0894208.jpg,747-300
1000027.jpg,Fokker 70
1030324.jpg,Gulfstream IV
1470663.jpg,A320
0127649.jpg,An-12
1376343.jpg,Spitfire
1922919.jpg,Global Express
0522866.jpg,DHC-8-300
0896698.jpg,F-A-18
0167124.jpg,DHC-8-100
0962871.jpg,Boeing 717
1448066.jpg,DC-10
1200648.jpg,747-200
1277982.jpg,BAE 146-200
1794927.jpg,A340-600
0691273.jpg,MD-80
1088367.jpg,Saab 2000
1288222.jpg,A319
0383871.jpg,Boeing 717
0104863.jpg,PA-28
1964929.jpg,Cessna 525
1316035.jpg,DC-6
1260868.jpg,Falcon 900
1805918.jpg,C-130
2170856.jpg,Dornier 328
2213539.jpg,DHC-8-300
1499821.jpg,Eurofighter Typhoon
1034793.jpg,Gulfstream V
1082296.jpg,Hawk T1
2043110.jpg,A330-200
0594211.jpg,C-47
0065125.jpg,MD-90
1785545.jpg,DC-6
1795133.jpg,777-200
0328235.jpg,727-200
0582373.jpg,An-12
0669870.jpg,737-600
1980084.jpg,A320
1366758.jpg,767-300
0895165.jpg,707-320
0734099.jpg,DC-10
1313993.jpg,747-400
1351340.jpg,Boeing 717
1503577.jpg,Fokker 70
0517631.jpg,737-300
0543347.jpg,Challenger 600
2115335.jpg,ATR-42
1234881.jpg,A310
2151013.jpg,Cessna 208
1067929.jpg,737-800
0876439.jpg,747-300
1342822.jpg,767-200
0735014.jpg,Metroliner
1234384.jpg,BAE-125
0412779.jpg,BAE 146-300
1658595.jpg,767-400
0641165.jpg,737-900
0967847.jpg,DC-8
1545141.jpg,A319
1884743.jpg,737-400
1958528.jpg,Metroliner
0063281.jpg,A310
0859229.jpg,Cessna 525
1273374.jpg,Il-76
0960098.jpg,Saab 340
1293480.jpg,Model B200
1230196.jpg,A300B4
1699480.jpg,BAE-125
1869952.jpg,C-130
0979472.jpg,MD-80
0736232.jpg,C-130
2031397.jpg,A321
0279893.jpg,Cessna 208
1847170.jpg,ERJ 135
1931897.jpg,C-130
0503703.jpg,Metroliner
1285638.jpg,A340-500
0774035.jpg,C-130
1544175.jpg,Tu-134
1476163.jpg,Il-76
1374624.jpg,PA-28
1506226.jpg,737-400
2035598.jpg,777-300
1598901.jpg,BAE 146-200
0065778.jpg,Dornier 328
0310894.jpg,767-200
2003459.jpg,DHC-6
1291080.jpg,767-200
1605077.jpg,767-300
1914385.jpg,DH-82
1053460.jpg,Saab 340
0447772.jpg,EMB-120
0824980.jpg,Metroliner
1891293.jpg,A340-300
0749875.jpg,F-16A-B
0944208.jpg,Boeing 717
2089196.jpg,Cessna 172
1592281.jpg,SR-20
0337282.jpg,Fokker 50
0940709.jpg,Spitfire
0586258.jpg,Tornado
0094395.jpg,Tu-154
1354218.jpg,DC-9-30
1329193.jpg,ATR-72
0838565.jpg,757-200
0691269.jpg,C-47
1001728.jpg,Il-76
1459176.jpg,Il-76
0434358.jpg,737-500
0934119.jpg,Hawk T1
1735070.jpg,Eurofighter Typhoon
2231688.jpg,DR-400
1240324.jpg,A340-300
1706712.jpg,F-16A-B
1192640.jpg,L-1011
0507837.jpg,757-300
0732415.jpg,DHC-8-300
2118961.jpg,F-16A-B
1115404.jpg,Fokker 100
1776805.jpg,EMB-120
0832778.jpg,E-170
1222820.jpg,DH-82
1266977.jpg,A340-200
2124891.jpg,CRJ-700
1049867.jpg,DC-8
1195650.jpg,A310
1007850.jpg,Fokker 70
1926205.jpg,E-190
1617066.jpg,A380
0082967.jpg,A340-200
0498140.jpg,A321
0923416.jpg,Global Express
1471734.jpg,Embraer Legacy 600
0155579.jpg,747-100
1941697.jpg,A380
1117069.jpg,A318
0395643.jpg,DC-8
0498138.jpg,Gulfstream V
1460096.jpg,DR-400
1264190.jpg,ERJ 145
0522876.jpg,DC-9-30
1920543.jpg,CRJ-900
1471690.jpg,757-300
2158197.jpg,DHC-1
1615270.jpg,Model B200
2003512.jpg,DR-400
1987009.jpg,737-800
1296938.jpg,BAE 146-200
1725762.jpg,BAE 146-200
1335117.jpg,DC-3
0746111.jpg,DC-9-30
1260282.jpg,E-170
2245660.jpg,A321
0078364.jpg,A340-200
2262077.jpg,E-190
1414866.jpg,BAE 146-300
1373934.jpg,Model B200
1398963.jpg,Il-76
0521359.jpg,MD-80
1928761.jpg,DR-400
1523895.jpg,DC-10
1385076.jpg,Falcon 2000
2248944.jpg,MD-80
2220738.jpg,767-400
0901456.jpg,DC-8
2124349.jpg,737-800
2031392.jpg,Metroliner
1655252.jpg,Cessna 525
0998786.jpg,E-170
1545981.jpg,BAE-125
1379983.jpg,777-200
0917345.jpg,BAE-125
1444896.jpg,737-500
1523342.jpg,Challenger 600
1857537.jpg,Falcon 900
0082497.jpg,Beechcraft 1900
2065885.jpg,Hawk T1
0182729.jpg,767-400
0735402.jpg,F-16A-B
1814161.jpg,A318
1555557.jpg,777-300
0936113.jpg,Saab 2000
0367975.jpg,747-100
0901512.jpg,Yak-42
0214193.jpg,A340-300
0062680.jpg,Tu-154
1164982.jpg,Cessna 172
0411770.jpg,Metroliner
2096236.jpg,A330-200
1943366.jpg,Falcon 2000
0209554.jpg,737-200
2152684.jpg,DHC-1
0749032.jpg,Saab 2000
1878600.jpg,Saab 2000
0955450.jpg,767-200
0223949.jpg,DHC-8-100
0593168.jpg,DC-8
1168287.jpg,Saab 2000
2204066.jpg,Cessna 172
2160566.jpg,Hawk T1
1745942.jpg,DC-9-30
2200415.jpg,MD-90
1567291.jpg,A380
0987261.jpg,707-320
1742638.jpg,CRJ-200
2137087.jpg,A320
1349345.jpg,Tornado
1386629.jpg,Fokker 50
0632010.jpg,727-200
1726606.jpg,737-600
1807114.jpg,Cessna 525
1520357.jpg,E-195
0964235.jpg,747-400
1700644.jpg,747-400
1043794.jpg,DHC-8-100
1236355.jpg,Fokker 100
1583389.jpg,777-300
0205769.jpg,DC-10
1958764.jpg,CRJ-200
1168411.jpg,Cessna 560
0761093.jpg,Spitfire
0305715.jpg,777-200
1059282.jpg,C-47
1696014.jpg,Yak-42
1676591.jpg,ERJ 145
0740884.jpg,A321
0248710.jpg,767-400
1027524.jpg,E-170
1119554.jpg,PA-28
2181542.jpg,Hawk T1
2227920.jpg,737-300
0687278.jpg,DHC-6
1596393.jpg,F-16A-B
1286492.jpg,E-170
1300106.jpg,Model B200
1445108.jpg,DHC-8-300
1663953.jpg,747-300
2239589.jpg,A318
2072464.jpg,SR-20
1036801.jpg,C-47
0065221.jpg,DC-9-30
1061208.jpg,Tu-134
0198443.jpg,737-200
1898331.jpg,ERJ 135
1113588.jpg,A300B4
0175819.jpg,A330-300
2072230.jpg,BAE-125
0923532.jpg,A320
1250251.jpg,Cessna 172
1555884.jpg,A321
1213100.jpg,Falcon 900
0682201.jpg,737-400
0276024.jpg,MD-11
1476954.jpg,L-1011
0227135.jpg,CRJ-200
2124427.jpg,767-200
1732551.jpg,A340-200
0523218.jpg,CRJ-200
1259710.jpg,BAE 146-300
1223418.jpg,BAE 146-300
1843606.jpg,Model B200
0328368.jpg,A330-300
1151759.jpg,A318
1884749.jpg,757-200
0061136.jpg,Boeing 717
1670312.jpg,Embraer Legacy 600
0302877.jpg,DHC-6
2251908.jpg,Saab 2000
1818746.jpg,A319
0083356.jpg,BAE-125
1059170.jpg,E-170
1223334.jpg,A340-200
0829994.jpg,L-1011
1054576.jpg,Saab 2000
1768889.jpg,Fokker 100
0437933.jpg,737-900
1336043.jpg,747-400
0979612.jpg,Cessna 208
1199327.jpg,707-320
0877086.jpg,Spitfire
1244766.jpg,Hawk T1
1608837.jpg,777-200
0447756.jpg,Metroliner
1255662.jpg,Saab 340
0367941.jpg,767-300
2136369.jpg,Gulfstream IV
0548186.jpg,737-200
2157114.jpg,Cessna 172
0973100.jpg,Falcon 900
1956503.jpg,ERJ 135
0939483.jpg,Tu-154
1211875.jpg,A330-300
1789443.jpg,Fokker 70
0571183.jpg,A340-600
1361462.jpg,Challenger 600
0183579.jpg,737-700
0302987.jpg,Cessna 208
1174475.jpg,Tornado
1716441.jpg,Cessna 525
1129974.jpg,Beechcraft 1900
0928322.jpg,ERJ 145
2072271.jpg,ATR-72
1355825.jpg,Fokker 100
0963590.jpg,747-300
0811679.jpg,Il-76
2170301.jpg,Gulfstream IV
0225210.jpg,A320
1270714.jpg,Dornier 328
1482188.jpg,ERJ 145
1036859.jpg,ATR-42
1610421.jpg,E-190
1384548.jpg,DHC-1
1966254.jpg,Saab 2000
1037466.jpg,Global Express
1017974.jpg,Cessna 560
1352486.jpg,ERJ 145
1917497.jpg,A330-200
1969071.jpg,Hawk T1
0927431.jpg,Falcon 2000
1818860.jpg,737-700
2227599.jpg,767-200
2162833.jpg,E-190
0066418.jpg,Tu-134
0939577.jpg,Fokker 50
1861594.jpg,CRJ-900
1220155.jpg,Eurofighter Typhoon
1474240.jpg,Dornier 328
1099217.jpg,L-1011
1052986.jpg,An-12
1679201.jpg,E-195
0182189.jpg,747-200
1636315.jpg,MD-11
1810935.jpg,CRJ-900
0880598.jpg,MD-11
1945517.jpg,CRJ-900
2185361.jpg,Eurofighter Typhoon
1564943.jpg,757-300
1841489.jpg,E-195
0959085.jpg,A340-500
1223796.jpg,Tornado
1218928.jpg,A340-500
0986465.jpg,Tornado
0523144.jpg,Tu-134
1686316.jpg,E-195
1358662.jpg,737-700
1371565.jpg,F-A-18
1320110.jpg,737-800
0221294.jpg,737-900
1647313.jpg,E-190
1361542.jpg,Yak-42
1053446.jpg,737-500
0929800.jpg,CRJ-700
0562105.jpg,737-400
0314131.jpg,727-200
1974570.jpg,DHC-6
0176136.jpg,737-400
0478909.jpg,767-300
0257369.jpg,MD-87
1048552.jpg,Global Express
2003270.jpg,ERJ 145
1267078.jpg,A320
1660306.jpg,BAE 146-200
1251381.jpg,Eurofighter Typhoon
1261425.jpg,Model B200
1450008.jpg,747-400
1161004.jpg,747-300
1469943.jpg,Cessna 560
0555526.jpg,Gulfstream V
1943176.jpg,Falcon 2000
0901516.jpg,A300B4
0658057.jpg,A330-200
0195002.jpg,747-200
1281453.jpg,747-100
0299647.jpg,Beechcraft 1900
2002333.jpg,737-800
1385122.jpg,BAE 146-300
1425231.jpg,Gulfstream IV
0875283.jpg,MD-90
0699596.jpg,737-400
0043892.jpg,Challenger 600
1031498.jpg,DHC-8-100
0457841.jpg,737-800
1418846.jpg,Tornado
0773531.jpg,DC-3
1644649.jpg,E-190
1168209.jpg,A340-500
1836183.jpg,A380
1351194.jpg,Saab 340
0091365.jpg,BAE 146-200
0967849.jpg,Saab 2000
0836160.jpg,Yak-42
2038744.jpg,F-A-18
0139297.jpg,MD-90
1398526.jpg,737-900
1570137.jpg,Spitfire
1778108.jpg,CRJ-700
1144107.jpg,Falcon 2000
1288663.jpg,DC-10
2031399.jpg,767-300
1053554.jpg,DHC-8-300
1338551.jpg,CRJ-700
0875346.jpg,DC-9-30
0731464.jpg,737-700
0367786.jpg,A310
1091255.jpg,Tornado
1979306.jpg,DH-82
0564495.jpg,737-200
1036827.jpg,DC-3
1244006.jpg,Gulfstream IV
2043843.jpg,Spitfire
0312421.jpg,CRJ-700
0476825.jpg,737-900
1650403.jpg,SR-20
2132449.jpg,F-A-18
0763193.jpg,A300B4
2118959.jpg,F-A-18
1503448.jpg,PA-28
0768287.jpg,PA-28
1123669.jpg,F-16A-B
0892227.jpg,A340-300
2195500.jpg,737-900
0548481.jpg,DC-3
0545210.jpg,737-300
0895308.jpg,F-16A-B
1148012.jpg,DC-8
1055698.jpg,C-130
0476345.jpg,747-200
0097119.jpg,737-500
0460482.jpg,A330-300
0857653.jpg,A320
2202486.jpg,SR-20
1016726.jpg,737-600
2014222.jpg,SR-20
1865767.jpg,DR-400
1378765.jpg,Embraer Legacy 600
1122464.jpg,757-300
1426948.jpg,A340-600
1197109.jpg,MD-87
0944995.jpg,MD-87
1757004.jpg,A319
0981533.jpg,767-400
0507685.jpg,777-200
2234650.jpg,777-200
0143388.jpg,747-300
1405368.jpg,PA-28
0547017.jpg,DC-3
1173007.jpg,DHC-6
1132242.jpg,E-170
0846636.jpg,777-300
1634276.jpg,767-300
1043797.jpg,DHC-8-100
0302868.jpg,Fokker 50
0683604.jpg,BAE-125
1833885.jpg,Challenger 600
1860177.jpg,A319
0842399.jpg,A340-200
1908628.jpg,737-600
1210455.jpg,Saab 340
0990061.jpg,Falcon 2000
0771899.jpg,MD-87
0490186.jpg,737-700
0478341.jpg,A340-600
0880566.jpg,Tu-134
2172265.jpg,777-200
2057396.jpg,Falcon 900
2141016.jpg,Beechcraft 1900
1308524.jpg,Gulfstream V
