filename,class
Should_be_737_4.jpg,737-400
Does_A320_Correct_Background.jpg,A320
A321_Tail.jpg,A321
A321_Nose.jpg,A321
Boeing_787_N1015B_ANA_Airlines_27611880663_cropped.jpg,787
Boeing-787-8-84c04a18.jpeg,787
2234654.jpg,777-300
1860127.jpg,777-300
1379983.jpg,777-200
0305715.jpg,777-200
2083668.jpg,767-400
1342822.jpg,767-200
0367941.jpg,767-300
0310894.jpg,767-200
1884749.jpg,757-200
1463774.jpg,757-300
0838565.jpg,757-200
0386937.jpg,757-300
0964235.jpg,747-400
0894208.jpg,747-300
Iran_Air_Airbus_A300B4-605R_EP-IBD_23416357051.jpg,A300
airbus-a300-a600f_391_m.png,A300
a300_02.jpg,A300
1599px-UPS_Airlines_A300_N142UP.jpg,A300
1834949.jpg,737-800
1320110.jpg,737-800
1338983.jpg,737-800
1067929.jpg,737-800
0944245.jpg,737-800
0147057.jpg,737-800
1987009.jpg,737-800
2124349.jpg,737-800
0457841.jpg,737-800
2002333.jpg,737-800
1639843.jpg,737-900
0514744.jpg,737-900
0305545.jpg,737-900
1133077.jpg,737-900
0221294.jpg,737-900
0476825.jpg,737-900
2195500.jpg,737-900
0437933.jpg,737-900
1405447.jpg,737-500
1444896.jpg,737-500
1053446.jpg,737-500
0097119.jpg,737-500
1783685.jpg,737-500
1459173.jpg,737-500
0434358.jpg,737-500
0876440.jpg,737-500
1577681.jpg,737-500
1423426.jpg,737-500
0062655.jpg,737-400
1884743.jpg,737-400
1506226.jpg,737-400
0682201.jpg,737-400
0176136.jpg,737-400
0699596.jpg,737-400
0562105.jpg,737-400
0127627.jpg,737-400
2186493.jpg,737-400
1527501.jpg,737-400
0894219.jpg,737-300
0517631.jpg,737-300
2227920.jpg,737-300
0944166.jpg,737-300
2031394.jpg,737-300
0545210.jpg,737-300
2080684.jpg,737-300
0114409.jpg,737-300
1352205.jpg,737-300
0438655.jpg,737-200
0209554.jpg,737-200
0198443.jpg,737-200
0056331.jpg,737-200
1320095.jpg,A320
1470663.jpg,A320
1980084.jpg,A320
2137087.jpg,A320
1267078.jpg,A320
0857653.jpg,A320
0225210.jpg,A320
0923532.jpg,A320
1818746.jpg,A319
1757004.jpg,A319
1860177.jpg,A319
1288222.jpg,A319
0979624.jpg,A319
0625763.jpg,A319
1545141.jpg,A319
1555884.jpg,A321
0740884.jpg,A321
2031392.jpg,A321
0361611.jpg,A321
2245660.jpg,A321
1019107.jpg,A321
1386619.jpg,A321
0498140.jpg,A321
1369907.jpg,A321
1059777.jpg,MD-80
0521359.jpg,MD-80
2248944.jpg,MD-80
0843963.jpg,MD-80
1875195.jpg,MD-80
0979648.jpg,MD-80
0979472.jpg,MD-80
0691273.jpg,MD-80
1111461.jpg,MD-80
2013771.jpg,MD-80
0482806.jpg,A310
0467411.jpg,A310
0367786.jpg,A310
0063281.jpg,A310
2090080.jpg,A318
1296212.jpg,A318
1249553.jpg,A318
02cfd2667afb519520b2268b7acd507161ab71f9697fdf9cf1d27388.jpg,A318
1082409.jpg,707-320
0951982.jpg,707-320
0869722.jpg,707-320
0732410.jpg,707-320
0328235.jpg,727-200
0314131.jpg,727-200
0147047.jpg,727-200
0063052.jpg,727-200
1842040.jpg,737-600
1398987.jpg,737-600
1016726.jpg,737-600
0669870.jpg,737-600
1084518.jpg,737-700
0731464.jpg,737-700
0183579.jpg,737-700
0067671.jpg,737-700
DSC00887E-American-737-8-MAX-N324RA.jpg,737-8 MAX
737-8-max_Err.jpeg,737-8 MAX
max9lion.jpeg,737-9 MAX
94929235-bf15-4cec-9331-ca8ae87d2acd_1140x641.jpg,737-9 MAX
240118222413-boeing-737-max-9-airplane-06202017.jpg,737-9 MAX
A319.mp4,A319
B707.mp4,707-320
B757.mp4,757-200
Orange.mp4,A300
